[
    [
        null,
        null
    ],
    [
        {
            "left": {
                "left": {
                    "left": {
                        "left": ">",
                        "right": {
                            "left": "<",
                            "right": "#"
                        }
                    },
                    "right": {
                        "left": {
                            "left": "/",
                            "right": "c"
                        },
                        "right": {
                            "left": {
                                "left": {
                                    "left": "y",
                                    "right": "v"
                                },
                                "right": {
                                    "left": "_",
                                    "right": {
                                        "left": "A",
                                        "right": {
                                            "left": {
                                                "left": "+",
                                                "right": ":"
                                            },
                                            "right": "3"
                                        }
                                    }
                                }
                            },
                            "right": "h"
                        }
                    }
                },
                "right": {
                    "left": {
                        "left": "r",
                        "right": {
                            "left": {
                                "left": "g",
                                "right": {
                                    "left": {
                                        "left": {
                                            "left": "O",
                                            "right": "G"
                                        },
                                        "right": {
                                            "left": "P",
                                            "right": {
                                                "left": "D",
                                                "right": "K"
                                            }
                                        }
                                    },
                                    "right": {
                                        "left": "=",
                                        "right": "w"
                                    }
                                }
                            },
                            "right": "d"
                        }
                    },
                    "right": {
                        "left": {
                            "left": "p",
                            "right": "l"
                        },
                        "right": "o"
                    }
                }
            },
            "right": {
                "left": {
                    "left": {
                        "left": "i",
                        "right": {
                            "left": {
                                "left": {
                                    "left": "\"",
                                    "right": "-"
                                },
                                "right": "0"
                            },
                            "right": {
                                "left": {
                                    "left": ",",
                                    "right": "."
                                },
                                "right": {
                                    "left": "f",
                                    "right": {
                                        "left": {
                                            "left": "X",
                                            "right": "'"
                                        },
                                        "right": {
                                            "left": "6",
                                            "right": {
                                                "left": {
                                                    "left": "H",
                                                    "right": "?"
                                                },
                                                "right": {
                                                    "left": "N",
                                                    "right": {
                                                        "left": "z",
                                                        "right": "I"
                                                    }
                                                }
                                            }
                                        }
                                    }
                                }
                            }
                        }
                    },
                    "right": {
                        "left": "t",
                        "right": {
                            "left": "\r",
                            "right": "\n"
                        }
                    }
                },
                "right": {
                    "left": " ",
                    "right": {
                        "left": {
                            "left": {
                                "left": {
                                    "left": {
                                        "left": {
                                            "left": "C",
                                            "right": "S"
                                        },
                                        "right": "m"
                                    },
                                    "right": {
                                        "left": {
                                            "left": {
                                                "left": {
                                                    "left": {
                                                        "left": {
                                                            "left": "W",
                                                            "right": "8"
                                                        },
                                                        "right": {
                                                            "left": "U",
                                                            "right": "J"
                                                        }
                                                    },
                                                    "right": "V"
                                                },
                                                "right": {
                                                    "left": "x",
                                                    "right": "q"
                                                }
                                            },
                                            "right": {
                                                "left": "4",
                                                "right": "E"
                                            }
                                        },
                                        "right": {
                                            "left": "9",
                                            "right": "5"
                                        }
                                    }
                                },
                                "right": "s"
                            },
                            "right": {
                                "left": {
                                    "left": "b",
                                    "right": {
                                        "left": {
                                            "left": "M",
                                            "right": {
                                                "left": {
                                                    "left": "7",
                                                    "right": "B"
                                                },
                                                "right": "T"
                                            }
                                        },
                                        "right": "1"
                                    }
                                },
                                "right": "n"
                            }
                        },
                        "right": {
                            "left": "e",
                            "right": {
                                "left": {
                                    "left": "u",
                                    "right": {
                                        "left": "k",
                                        "right": {
                                            "left": "2",
                                            "right": {
                                                "left": {
                                                    "left": "R",
                                                    "right": "F"
                                                },
                                                "right": "L"
                                            }
                                        }
                                    }
                                },
                                "right": "a"
                            }
                        }
                    }
                }
            }
        },
        4548
    ]
]