[
    [
        null,
        null
    ],
    [
        {
            "left": {
                "left": {
                    "left": {
                        "left": "r",
                        "right": "o"
                    },
                    "right": {
                        "left": {
                            "left": {
                                "left": {
                                    "left": {
                                        "left": "q",
                                        "right": {
                                            "left": {
                                                "left": "K",
                                                "right": "J"
                                            },
                                            "right": "-"
                                        }
                                    },
                                    "right": "M"
                                },
                                "right": {
                                    "left": "1",
                                    "right": "C"
                                }
                            },
                            "right": {
                                "left": "f",
                                "right": "b"
                            }
                        },
                        "right": {
                            "left": "h",
                            "right": {
                                "left": "y",
                                "right": {
                                    "left": {
                                        "left": "P",
                                        "right": "<"
                                    },
                                    "right": "v"
                                }
                            }
                        }
                    }
                },
                "right": {
                    "left": "\n",
                    "right": {
                        "left": {
                            "left": "m",
                            "right": "c"
                        },
                        "right": "s"
                    }
                }
            },
            "right": {
                "left": {
                    "left": {
                        "left": "a",
                        "right": {
                            "left": {
                                "left": {
                                    "left": "S",
                                    "right": {
                                        "left": {
                                            "left": "V",
                                            "right": {
                                                "left": {
                                                    "left": {
                                                        "left": " ",
                                                        "right": "z"
                                                    },
                                                    "right": {
                                                        "left": "6",
                                                        "right": {
                                                            "left": "7",
                                                            "right": "–"
                                                        }
                                                    }
                                                },
                                                "right": {
                                                    "left": {
                                                        "left": {
                                                            "left": "_",
                                                            "right": "?"
                                                        },
                                                        "right": "8"
                                                    },
                                                    "right": {
                                                        "left": {
                                                            "left": {
                                                                "left": "*",
                                                                "right": ">"
                                                            },
                                                            "right": "Q"
                                                        },
                                                        "right": "9"
                                                    }
                                                }
                                            }
                                        },
                                        "right": "L"
                                    }
                                },
                                "right": "p"
                            },
                            "right": "d"
                        }
                    },
                    "right": {
                        "left": "i",
                        "right": {
                            "left": {
                                "left": {
                                    "left": "N",
                                    "right": {
                                        "left": "U",
                                        "right": "D"
                                    }
                                },
                                "right": {
                                    "left": "k",
                                    "right": "I"
                                }
                            },
                            "right": {
                                "left": {
                                    "left": {
                                        "left": {
                                            "left": "B",
                                            "right": "W"
                                        },
                                        "right": "O"
                                    },
                                    "right": "R"
                                },
                                "right": {
                                    "left": "2",
                                    "right": "w"
                                }
                            }
                        }
                    }
                },
                "right": {
                    "left": {
                        "left": "e",
                        "right": {
                            "left": "n",
                            "right": {
                                "left": "l",
                                "right": {
                                    "left": {
                                        "left": {
                                            "left": "H",
                                            "right": ","
                                        },
                                        "right": "."
                                    },
                                    "right": "g"
                                }
                            }
                        }
                    },
                    "right": {
                        "left": {
                            "left": "t",
                            "right": {
                                "left": {
                                    "left": {
                                        "left": {
                                            "left": {
                                                "left": "3",
                                                "right": {
                                                    "left": "F",
                                                    "right": "4"
                                                }
                                            },
                                            "right": "0"
                                        },
                                        "right": "T"
                                    },
                                    "right": "u"
                                },
                                "right": {
                                    "left": {
                                        "left": {
                                            "left": {
                                                "left": "G",
                                                "right": {
                                                    "left": "/",
                                                    "right": "#"
                                                }
                                            },
                                            "right": {
                                                "left": {
                                                    "left": "Y",
                                                    "right": "j"
                                                },
                                                "right": "x"
                                            }
                                        },
                                        "right": "A"
                                    },
                                    "right": {
                                        "left": {
                                            "left": {
                                                "left": "5",
                                                "right": {
                                                    "left": {
                                                        "left": "’",
                                                        "right": {
                                                            "left": "X",
                                                            "right": "\t"
                                                        }
                                                    },
                                                    "right": {
                                                        "left": "(",
                                                        "right": ")"
                                                    }
                                                }
                                            },
                                            "right": ":"
                                        },
                                        "right": "E"
                                    }
                                }
                            }
                        },
                        "right": " "
                    }
                }
            }
        },
        19410
    ]
]