[
    [
        null,
        null
    ],
    [
        {
            "left": {
                "left": {
                    "left": {
                        "left": "\n",
                        "right": "\r"
                    },
                    "right": {
                        "left": {
                            "left": "d",
                            "right": "l"
                        },
                        "right": {
                            "left": {
                                "left": ")",
                                "right": "y"
                            },
                            "right": {
                                "left": {
                                    "left": "+",
                                    "right": "O"
                                },
                                "right": {
                                    "left": "'",
                                    "right": "f"
                                }
                            }
                        }
                    }
                },
                "right": {
                    "left": {
                        "left": {
                            "left": {
                                "left": {
                                    "left": {
                                        "left": "<",
                                        "right": "h"
                                    },
                                    "right": "x"
                                },
                                "right": {
                                    "left": "j",
                                    "right": {
                                        "left": "E",
                                        "right": "L"
                                    }
                                }
                            },
                            "right": {
                                "left": {
                                    "left": {
                                        "left": {
                                            "left": "G",
                                            "right": "w"
                                        },
                                        "right": {
                                            "left": "T",
                                            "right": ","
                                        }
                                    },
                                    "right": {
                                        "left": "5",
                                        "right": {
                                            "left": "_",
                                            "right": "2"
                                        }
                                    }
                                },
                                "right": {
                                    "left": "D",
                                    "right": "m"
                                }
                            }
                        },
                        "right": {
                            "left": {
                                "left": "(",
                                "right": {
                                    "left": {
                                        "left": "\"",
                                        "right": "R"
                                    },
                                    "right": {
                                        "left": {
                                            "left": "3",
                                            "right": "N"
                                        },
                                        "right": "k"
                                    }
                                }
                            },
                            "right": "o"
                        }
                    },
                    "right": {
                        "left": {
                            "left": "n",
                            "right": "\t"
                        },
                        "right": "0"
                    }
                }
            },
            "right": {
                "left": {
                    "left": {
                        "left": {
                            "left": {
                                "left": {
                                    "left": "v",
                                    "right": {
                                        "left": "p",
                                        "right": "}"
                                    }
                                },
                                "right": "r"
                            },
                            "right": "i"
                        },
                        "right": {
                            "left": {
                                "left": {
                                    "left": "c",
                                    "right": "g"
                                },
                                "right": {
                                    "left": ".",
                                    "right": {
                                        "left": "{",
                                        "right": "8"
                                    }
                                }
                            },
                            "right": "e"
                        }
                    },
                    "right": {
                        "left": {
                            "left": {
                                "left": "t",
                                "right": ";"
                            },
                            "right": {
                                "left": {
                                    "left": "I",
                                    "right": "="
                                },
                                "right": "a"
                            }
                        },
                        "right": "-"
                    }
                },
                "right": {
                    "left": "*",
                    "right": {
                        "left": {
                            "left": {
                                "left": {
                                    "left": "1",
                                    "right": "s"
                                },
                                "right": {
                                    "left": {
                                        "left": "C",
                                        "right": "S"
                                    },
                                    "right": "P"
                                }
                            },
                            "right": {
                                "left": {
                                    "left": "/",
                                    "right": "#"
                                },
                                "right": {
                                    "left": "F",
                                    "right": "u"
                                }
                            }
                        },
                        "right": " "
                    }
                }
            }
        },
        782
    ]
]