[
    [
        null,
        null
    ],
    [
        {
            "left": {
                "left": {
                    "left": {
                        "left": "r",
                        "right": "a"
                    },
                    "right": {
                        "left": "u",
                        "right": {
                            "left": "o",
                            "right": {
                                "left": "w",
                                "right": "("
                            }
                        }
                    }
                },
                "right": {
                    "left": "e",
                    "right": {
                        "left": "l",
                        "right": "i"
                    }
                }
            },
            "right": {
                "left": {
                    "left": {
                        "left": {
                            "left": {
                                "left": ",",
                                "right": {
                                    "left": {
                                        "left": "+",
                                        "right": {
                                            "left": {
                                                "left": "z",
                                                "right": ">"
                                            },
                                            "right": {
                                                "left": {
                                                    "left": "T",
                                                    "right": "C"
                                                },
                                                "right": {
                                                    "left": "3",
                                                    "right": "5"
                                                }
                                            }
                                        }
                                    },
                                    "right": "f"
                                }
                            },
                            "right": "n"
                        },
                        "right": {
                            "left": {
                                "left": "c",
                                "right": "S"
                            },
                            "right": "\r"
                        }
                    },
                    "right": {
                        "left": {
                            "left": "\n",
                            "right": {
                                "left": "h",
                                "right": "p"
                            }
                        },
                        "right": {
                            "left": {
                                "left": "d",
                                "right": "b"
                            },
                            "right": {
                                "left": {
                                    "left": {
                                        "left": {
                                            "left": "*",
                                            "right": "2"
                                        },
                                        "right": "y"
                                    },
                                    "right": {
                                        "left": "1",
                                        "right": {
                                            "left": {
                                                "left": "B",
                                                "right": "/"
                                            },
                                            "right": {
                                                "left": "-",
                                                "right": "<"
                                            }
                                        }
                                    }
                                },
                                "right": "v"
                            }
                        }
                    }
                },
                "right": {
                    "left": {
                        "left": {
                            "left": {
                                "left": {
                                    "left": ")",
                                    "right": "="
                                },
                                "right": {
                                    "left": {
                                        "left": "0",
                                        "right": "."
                                    },
                                    "right": "g"
                                }
                            },
                            "right": "t"
                        },
                        "right": {
                            "left": {
                                "left": {
                                    "left": {
                                        "left": ":",
                                        "right": {
                                            "left": "#",
                                            "right": "x"
                                        }
                                    },
                                    "right": {
                                        "left": {
                                            "left": {
                                                "left": "E",
                                                "right": "\""
                                            },
                                            "right": "I"
                                        },
                                        "right": "k"
                                    }
                                },
                                "right": "_"
                            },
                            "right": {
                                "left": {
                                    "left": "m",
                                    "right": {
                                        "left": "]",
                                        "right": "["
                                    }
                                },
                                "right": "s"
                            }
                        }
                    },
                    "right": " "
                }
            }
        },
        2232
    ]
]