[
    [
        null,
        null
    ],
    [
        {
            "left": " ",
            "right": {
                "left": {
                    "left": {
                        "left": "i",
                        "right": "e"
                    },
                    "right": {
                        "left": {
                            "left": {
                                "left": "s",
                                "right": {
                                    "left": "+",
                                    "right": "x"
                                }
                            },
                            "right": "1"
                        },
                        "right": {
                            "left": {
                                "left": "=",
                                "right": "["
                            },
                            "right": {
                                "left": "]",
                                "right": {
                                    "left": {
                                        "left": {
                                            "left": {
                                                "left": "2",
                                                "right": "w"
                                            },
                                            "right": {
                                                "left": "U",
                                                "right": "p"
                                            }
                                        },
                                        "right": "F"
                                    },
                                    "right": {
                                        "left": "v",
                                        "right": "g"
                                    }
                                }
                            }
                        }
                    }
                },
                "right": {
                    "left": {
                        "left": {
                            "left": "\r",
                            "right": {
                                "left": {
                                    "left": "u",
                                    "right": {
                                        "left": ">",
                                        "right": "h"
                                    }
                                },
                                "right": "f"
                            }
                        },
                        "right": {
                            "left": ",",
                            "right": {
                                "left": "o",
                                "right": {
                                    "left": {
                                        "left": "<",
                                        "right": "y"
                                    },
                                    "right": "l"
                                }
                            }
                        }
                    },
                    "right": {
                        "left": {
                            "left": {
                                "left": {
                                    "left": ")",
                                    "right": "("
                                },
                                "right": {
                                    "left": ":",
                                    "right": {
                                        "left": "-",
                                        "right": "d"
                                    }
                                }
                            },
                            "right": {
                                "left": "r",
                                "right": "n"
                            }
                        },
                        "right": {
                            "left": {
                                "left": {
                                    "left": "0",
                                    "right": {
                                        "left": {
                                            "left": "G",
                                            "right": "z"
                                        },
                                        "right": "c"
                                    }
                                },
                                "right": {
                                    "left": "j",
                                    "right": "t"
                                }
                            },
                            "right": {
                                "left": {
                                    "left": "a",
                                    "right": {
                                        "left": {
                                            "left": "m",
                                            "right": "3"
                                        },
                                        "right": {
                                            "left": "N",
                                            "right": {
                                                "left": {
                                                    "left": "L",
                                                    "right": "R"
                                                },
                                                "right": "D"
                                            }
                                        }
                                    }
                                },
                                "right": "\n"
                            }
                        }
                    }
                }
            }
        },
        1050
    ]
]